company,contactPerson,role,email,phone,website,linkedin,country,niche,location,googleAds,metaAds,tracking,problem,painPoint,source,channel,status,priority,dealValue,lastContact,nextFollowUp,notes
Hithouse,,,605a7baede844d278b89dc95ae0a9123@sentry-next.wixpress.com,,https://www.hithouse.com,,US,gym,New York,No,No,no Google Ads conversion tracking; no Meta Pixel; no GA4 analytics; no Google Tag Manager,no Google Ads conversion tracking,Site check found: no Google Ads conversion tracking; no Meta Pixel; no GA4 analytics; no Google Tag Manager.,Local Business Directory,Email,New Lead,High,,,,Found via AI Lead Agent (OpenStreetMap) on 2026-09-29. AI crawlers blocked: No.
Blink Fitness,,,,+1-718-704-1700,https://locations.blinkfitness.com/ny/brooklyn/833-flatbush-avenue,,US,gym,New York,No,No,no Google Ads conversion tracking; no Meta Pixel; no GA4 analytics,no Google Ads conversion tracking,Site check found: no Google Ads conversion tracking; no Meta Pixel; no GA4 analytics.,Local Business Directory,,New Lead,High,,,,Found via AI Lead Agent (OpenStreetMap) on 2026-09-29. AI crawlers blocked: No.
Barry's,,,605a7baede844d278b89dc95ae0a9123@sentry-next.wixpress.com,+1-347-405-5520,https://www.barrysbeautybar.com,,US,gym,New York,No,No,no Google Ads conversion tracking; no Meta Pixel; no GA4 analytics; no Google Tag Manager,no Google Ads conversion tracking,Site check found: no Google Ads conversion tracking; no Meta Pixel; no GA4 analytics; no Google Tag Manager.,Local Business Directory,Email,New Lead,High,,,,Found via AI Lead Agent (OpenStreetMap) on 2026-09-29. AI crawlers blocked: No.
Prema Yoga,,,info@premabrooklyn.com,+1-718-622-2373,https://www.premayogabrooklyn.com,,US,gym,New York,No,No,no Google Ads conversion tracking; no Meta Pixel; no GA4 analytics; no Google Tag Manager,no Google Ads conversion tracking,Site check found: no Google Ads conversion tracking; no Meta Pixel; no GA4 analytics; no Google Tag Manager.,Local Business Directory,Email,New Lead,High,,,,Found via AI Lead Agent (OpenStreetMap) on 2026-09-29. AI crawlers blocked: No.
Metamorphosis,,,,+1-718-305-4001,https://www.studiometamorphosis.com/location/brooklyn-ny,,US,gym,New York,,,site could not be automatically checked — verify tracking manually,site could not be automatically checked — verify tracking manually,Site check found: site could not be automatically checked — verify tracking manually.,Local Business Directory,,New Lead,Medium,,,,Found via AI Lead Agent (OpenStreetMap) on 2026-09-29. AI crawlers blocked: Unknown.
Good Time Pilates,,,info@goodtimepilates.com,,https://www.goodtimepilates.com,,US,gym,New York,No,No,no Google Ads conversion tracking; no Meta Pixel; no GA4 analytics; no Google Tag Manager,no Google Ads conversion tracking,Site check found: no Google Ads conversion tracking; no Meta Pixel; no GA4 analytics; no Google Tag Manager.,Local Business Directory,Email,New Lead,High,,,,Found via AI Lead Agent (OpenStreetMap) on 2026-09-29. AI crawlers blocked: No.
Blink Fitness,,,,+1-929-480-9166,https://locations.blinkfitness.com/ny/brooklyn/1134-fulton-st%2E,,US,gym,New York,No,No,no Google Ads conversion tracking; no Meta Pixel; no GA4 analytics,no Google Ads conversion tracking,Site check found: no Google Ads conversion tracking; no Meta Pixel; no GA4 analytics.,Local Business Directory,,New Lead,High,,,,Found via AI Lead Agent (OpenStreetMap) on 2026-09-29. AI crawlers blocked: No.
HealHaus,,,,+1-347-413-7774,https://www.healhaus.com,,US,gym,New York,,,site could not be automatically checked — verify tracking manually,site could not be automatically checked — verify tracking manually,Site check found: site could not be automatically checked — verify tracking manually.,Local Business Directory,,New Lead,Medium,,,,Found via AI Lead Agent (OpenStreetMap) on 2026-09-29. AI crawlers blocked: Unknown.
Pongo Power,,,,+1-718-768-9800,https://pongopower.com,,US,gym,New York,,,site could not be automatically checked — verify tracking manually,site could not be automatically checked — verify tracking manually,Site check found: site could not be automatically checked — verify tracking manually.,Local Business Directory,,New Lead,Medium,,,,Found via AI Lead Agent (OpenStreetMap) on 2026-09-29. AI crawlers blocked: Unknown.
CKO Kickboxing,,,,+1-347-497-4272,https://www.ckokickboxing.com/ny-brooklyn-bay-ridge/,,US,gym,New York,,,site could not be automatically checked — verify tracking manually,site could not be automatically checked — verify tracking manually,Site check found: site could not be automatically checked — verify tracking manually.,Local Business Directory,,New Lead,Medium,,,,Found via AI Lead Agent (OpenStreetMap) on 2026-09-29. AI crawlers blocked: Unknown.
Lifestyle Performance,,,,+1-845-673-3435,https://lspbrooklyn.com,,US,gym,New York,No,No,no Google Ads conversion tracking; no Meta Pixel; no Google Tag Manager,no Google Ads conversion tracking,Site check found: no Google Ads conversion tracking; no Meta Pixel; no Google Tag Manager.,Local Business Directory,,New Lead,High,,,,Found via AI Lead Agent (OpenStreetMap) on 2026-09-29. AI crawlers blocked: No.
Fierce Grace,,,,+1-212-353-8859,https://www.fiercegrace.com/studios/new-york,,US,gym,New York,No,Yes,no Google Ads conversion tracking; no GA4 analytics,no Google Ads conversion tracking,Site check found: no Google Ads conversion tracking; no GA4 analytics.,Local Business Directory,,New Lead,Medium,,,,Found via AI Lead Agent (OpenStreetMap) on 2026-09-29. AI crawlers blocked: No.
Equinox,,,phillip.truesdale@equinox.com,,https://www.equinox.com/clubs/new-york/downtown/flatiron,,US,gym,New York,No,No,no Google Ads conversion tracking; no Meta Pixel; no GA4 analytics; no Google Tag Manager,no Google Ads conversion tracking,Site check found: no Google Ads conversion tracking; no Meta Pixel; no GA4 analytics; no Google Tag Manager.,Local Business Directory,Email,New Lead,High,,,,Found via AI Lead Agent (OpenStreetMap) on 2026-09-29. AI crawlers blocked: No.
CrossFit Union Square,,,info@crossfitunionsquare.com,+1-212-254-9222,https://www.crossfitunionsquare.com/,,US,gym,New York,No,No,no Google Ads conversion tracking; no Meta Pixel; no GA4 analytics; no Google Tag Manager,no Google Ads conversion tracking,Site check found: no Google Ads conversion tracking; no Meta Pixel; no GA4 analytics; no Google Tag Manager.,Local Business Directory,Email,New Lead,High,,,,Found via AI Lead Agent (OpenStreetMap) on 2026-09-29. AI crawlers blocked: No.
Ommvibe,,,,+1-646-598-6938,https://www.ommvibe.com,,US,gym,New York,,,site could not be automatically checked — verify tracking manually,site could not be automatically checked — verify tracking manually,Site check found: site could not be automatically checked — verify tracking manually.,Local Business Directory,,New Lead,Medium,,,,Found via AI Lead Agent (OpenStreetMap) on 2026-09-29. AI crawlers blocked: Unknown.
