date_found,business_name,niche,country,city,website,phone,email,google_ads_tag,meta_pixel,ga4,gtm,https,ai_crawlers_blocked,pain_summary,email_subject,email_draft,whatsapp_draft,linkedin_draft,messenger_draft,status,email_sent_date,followup_count,last_followup_date,notes,osm_id,crm_synced
2026-09-27,Snap Fitness,gym,US,Los Angeles,https://www.snapfitness.com/us/gyms/south-pasadena-ca,+1-626-403-6463,southpasadena@snapfitness.com,No,No,No,Yes,Yes,No,no Google Ads conversion tracking; no Meta Pixel; no GA4 analytics,A quick observation about snapfitness.com,"Hi [Name],

I ran a quick technical check on snapfitness.com and noticed no Google Ads conversion tracking, no Meta Pixel, and no GA4 analytics.

For a business like Snap Fitness, that usually means missed leads and no clear way to measure what's actually working from your marketing. Right now, competitors who have this covered are likely picking up leads and sales that could be landing with you instead.

I specialize in fixing exactly this — Google Ads, Meta Ads, tracking setup (GA4/GTM/Pixel), and reporting so you can see real numbers instead of guessing.

Worth a quick 15-minute call to walk through what I found?

Best,
Israr Ahmad
Performance Marketing — Google Ads, Meta Ads & Tracking
contact@israrads.com | +92 303 5995553 | israrads.com","Hi, this is Israr — I checked snapfitness.com and noticed no Google Ads conversion tracking, no Meta Pixel, and no GA4 analytics. That usually means missed leads and no way to measure what's working. Worth a quick chat?","Hi [Name], I was looking at snapfitness.com and noticed no Google Ads conversion tracking, no Meta Pixel, and no GA4 analytics. I work with businesses on exactly this (ads + tracking + reporting) — happy to share what I found if useful, no pitch attached.","Hi! I checked snapfitness.com and noticed no Google Ads conversion tracking, no Meta Pixel, and no GA4 analytics. I help local businesses fix exactly this — happy to share a couple of quick pointers if that's useful.",Ready for Outreach,,0,,,node/647066227,Yes
2026-09-27,Spinasana,gym,US,Los Angeles,https://www.spinasanafit.com/,+1 626-217-0232,user@domain.com,No,No,No,No,Yes,No,no Google Ads conversion tracking; no Meta Pixel; no GA4 analytics; no Google Tag Manager,A quick observation about spinasanafit.com,"Hi [Name],

I ran a quick technical check on spinasanafit.com and noticed no Google Ads conversion tracking, no Meta Pixel, no GA4 analytics, and no Google Tag Manager.

For a business like Spinasana, that usually means missed leads and no clear way to measure what's actually working from your marketing. Right now, competitors who have this covered are likely picking up leads and sales that could be landing with you instead.

I specialize in fixing exactly this — Google Ads, Meta Ads, tracking setup (GA4/GTM/Pixel), and reporting so you can see real numbers instead of guessing.

Worth a quick 15-minute call to walk through what I found?

Best,
Israr Ahmad
Performance Marketing — Google Ads, Meta Ads & Tracking
contact@israrads.com | +92 303 5995553 | israrads.com","Hi, this is Israr — I checked spinasanafit.com and noticed no Google Ads conversion tracking, no Meta Pixel, no GA4 analytics, and no Google Tag Manager. That usually means missed leads and no way to measure what's working. Worth a quick chat?","Hi [Name], I was looking at spinasanafit.com and noticed no Google Ads conversion tracking, no Meta Pixel, no GA4 analytics, and no Google Tag Manager. I work with businesses on exactly this (ads + tracking + reporting) — happy to share what I found if useful, no pitch attached.","Hi! I checked spinasanafit.com and noticed no Google Ads conversion tracking, no Meta Pixel, no GA4 analytics, and no Google Tag Manager. I help local businesses fix exactly this — happy to share a couple of quick pointers if that's useful.",Ready for Outreach,,0,,,node/3178369747,Yes
2026-09-27,Bunda,gym,US,Los Angeles,https://www.trainbunda.com/locations/pasadena-ca/,+1 626-298-6226,,Unknown,Unknown,Unknown,Unknown,Yes,Unknown,site could not be automatically checked — verify tracking manually,A quick observation about trainbunda.com,"Hi [Name],

I ran a quick technical check on trainbunda.com and noticed site could not be automatically checked — verify tracking manually.

For a business like Bunda, that usually means missed leads and no clear way to measure what's actually working from your marketing. Right now, competitors who have this covered are likely picking up leads and sales that could be landing with you instead.

I specialize in fixing exactly this — Google Ads, Meta Ads, tracking setup (GA4/GTM/Pixel), and reporting so you can see real numbers instead of guessing.

Worth a quick 15-minute call to walk through what I found?

Best,
Israr Ahmad
Performance Marketing — Google Ads, Meta Ads & Tracking
contact@israrads.com | +92 303 5995553 | israrads.com","Hi, this is Israr — I checked trainbunda.com and noticed site could not be automatically checked — verify tracking manually. That usually means missed leads and no way to measure what's working. Worth a quick chat?","Hi [Name], I was looking at trainbunda.com and noticed site could not be automatically checked — verify tracking manually. I work with businesses on exactly this (ads + tracking + reporting) — happy to share what I found if useful, no pitch attached.",Hi! I checked trainbunda.com and noticed site could not be automatically checked — verify tracking manually. I help local businesses fix exactly this — happy to share a couple of quick pointers if that's useful.,Ready for Outreach,,0,,,node/3178371565,Yes
2026-09-27,24 Hour Fitness,gym,US,Los Angeles,https://www.24hourfitness.com/Website/Club/179,+1 626-795-7121,cpo@24hourfit.com,No,No,No,No,Yes,No,no Google Ads conversion tracking; no Meta Pixel; no GA4 analytics; no Google Tag Manager,A quick observation about 24hourfitness.com,"Hi [Name],

I ran a quick technical check on 24hourfitness.com and noticed no Google Ads conversion tracking, no Meta Pixel, no GA4 analytics, and no Google Tag Manager.

For a business like 24 Hour Fitness, that usually means missed leads and no clear way to measure what's actually working from your marketing. Right now, competitors who have this covered are likely picking up leads and sales that could be landing with you instead.

I specialize in fixing exactly this — Google Ads, Meta Ads, tracking setup (GA4/GTM/Pixel), and reporting so you can see real numbers instead of guessing.

Worth a quick 15-minute call to walk through what I found?

Best,
Israr Ahmad
Performance Marketing — Google Ads, Meta Ads & Tracking
contact@israrads.com | +92 303 5995553 | israrads.com","Hi, this is Israr — I checked 24hourfitness.com and noticed no Google Ads conversion tracking, no Meta Pixel, no GA4 analytics, and no Google Tag Manager. That usually means missed leads and no way to measure what's working. Worth a quick chat?","Hi [Name], I was looking at 24hourfitness.com and noticed no Google Ads conversion tracking, no Meta Pixel, no GA4 analytics, and no Google Tag Manager. I work with businesses on exactly this (ads + tracking + reporting) — happy to share what I found if useful, no pitch attached.","Hi! I checked 24hourfitness.com and noticed no Google Ads conversion tracking, no Meta Pixel, no GA4 analytics, and no Google Tag Manager. I help local businesses fix exactly this — happy to share a couple of quick pointers if that's useful.",Ready for Outreach,,0,,,node/3180298843,Yes
2026-09-27,The Phoenix Effect,gym,US,Los Angeles,https://www.phoenixeffectla.com/,,flags@2x.png,No,No,No,No,Yes,No,no Google Ads conversion tracking; no Meta Pixel; no GA4 analytics; no Google Tag Manager,A quick observation about phoenixeffectla.com,"Hi [Name],

I ran a quick technical check on phoenixeffectla.com and noticed no Google Ads conversion tracking, no Meta Pixel, no GA4 analytics, and no Google Tag Manager.

For a business like The Phoenix Effect, that usually means missed leads and no clear way to measure what's actually working from your marketing. Right now, competitors who have this covered are likely picking up leads and sales that could be landing with you instead.

I specialize in fixing exactly this — Google Ads, Meta Ads, tracking setup (GA4/GTM/Pixel), and reporting so you can see real numbers instead of guessing.

Worth a quick 15-minute call to walk through what I found?

Best,
Israr Ahmad
Performance Marketing — Google Ads, Meta Ads & Tracking
contact@israrads.com | +92 303 5995553 | israrads.com","Hi, this is Israr — I checked phoenixeffectla.com and noticed no Google Ads conversion tracking, no Meta Pixel, no GA4 analytics, and no Google Tag Manager. That usually means missed leads and no way to measure what's working. Worth a quick chat?","Hi [Name], I was looking at phoenixeffectla.com and noticed no Google Ads conversion tracking, no Meta Pixel, no GA4 analytics, and no Google Tag Manager. I work with businesses on exactly this (ads + tracking + reporting) — happy to share what I found if useful, no pitch attached.","Hi! I checked phoenixeffectla.com and noticed no Google Ads conversion tracking, no Meta Pixel, no GA4 analytics, and no Google Tag Manager. I help local businesses fix exactly this — happy to share a couple of quick pointers if that's useful.",Ready for Outreach,,0,,,node/3780628697,Yes
2026-09-27,The Bar Method,gym,US,Los Angeles,https://barmethod.com/locations/pasadena/,+1 626-844-7888,pasadena@barmethod.com,No,No,No,Yes,Yes,No,no Google Ads conversion tracking; no Meta Pixel; no GA4 analytics,A quick observation about barmethod.com,"Hi [Name],

I ran a quick technical check on barmethod.com and noticed no Google Ads conversion tracking, no Meta Pixel, and no GA4 analytics.

For a business like The Bar Method, that usually means missed leads and no clear way to measure what's actually working from your marketing. Right now, competitors who have this covered are likely picking up leads and sales that could be landing with you instead.

I specialize in fixing exactly this — Google Ads, Meta Ads, tracking setup (GA4/GTM/Pixel), and reporting so you can see real numbers instead of guessing.

Worth a quick 15-minute call to walk through what I found?

Best,
Israr Ahmad
Performance Marketing — Google Ads, Meta Ads & Tracking
contact@israrads.com | +92 303 5995553 | israrads.com","Hi, this is Israr — I checked barmethod.com and noticed no Google Ads conversion tracking, no Meta Pixel, and no GA4 analytics. That usually means missed leads and no way to measure what's working. Worth a quick chat?","Hi [Name], I was looking at barmethod.com and noticed no Google Ads conversion tracking, no Meta Pixel, and no GA4 analytics. I work with businesses on exactly this (ads + tracking + reporting) — happy to share what I found if useful, no pitch attached.","Hi! I checked barmethod.com and noticed no Google Ads conversion tracking, no Meta Pixel, and no GA4 analytics. I help local businesses fix exactly this — happy to share a couple of quick pointers if that's useful.",Ready for Outreach,,0,,,node/4716874137,Yes
2026-09-27,Basecamp Fitness,gym,US,Los Angeles,https://www.basecampfitness.com/studio/pasadena,+1 626-714-7600,pasadena@basecampfitness.com,No,No,No,Yes,Yes,No,no Google Ads conversion tracking; no Meta Pixel; no GA4 analytics,A quick observation about basecampfitness.com,"Hi [Name],

I ran a quick technical check on basecampfitness.com and noticed no Google Ads conversion tracking, no Meta Pixel, and no GA4 analytics.

For a business like Basecamp Fitness, that usually means missed leads and no clear way to measure what's actually working from your marketing. Right now, competitors who have this covered are likely picking up leads and sales that could be landing with you instead.

I specialize in fixing exactly this — Google Ads, Meta Ads, tracking setup (GA4/GTM/Pixel), and reporting so you can see real numbers instead of guessing.

Worth a quick 15-minute call to walk through what I found?

Best,
Israr Ahmad
Performance Marketing — Google Ads, Meta Ads & Tracking
contact@israrads.com | +92 303 5995553 | israrads.com","Hi, this is Israr — I checked basecampfitness.com and noticed no Google Ads conversion tracking, no Meta Pixel, and no GA4 analytics. That usually means missed leads and no way to measure what's working. Worth a quick chat?","Hi [Name], I was looking at basecampfitness.com and noticed no Google Ads conversion tracking, no Meta Pixel, and no GA4 analytics. I work with businesses on exactly this (ads + tracking + reporting) — happy to share what I found if useful, no pitch attached.","Hi! I checked basecampfitness.com and noticed no Google Ads conversion tracking, no Meta Pixel, and no GA4 analytics. I help local businesses fix exactly this — happy to share a couple of quick pointers if that's useful.",Ready for Outreach,,0,,,node/4808297544,Yes
2026-09-27,One Life Yoga,gym,US,Los Angeles,https://www.onelifeyoga.com/,+1 626-714-7447,user@domain.com,No,No,No,No,Yes,No,no Google Ads conversion tracking; no Meta Pixel; no GA4 analytics; no Google Tag Manager,A quick observation about onelifeyoga.com,"Hi [Name],

I ran a quick technical check on onelifeyoga.com and noticed no Google Ads conversion tracking, no Meta Pixel, no GA4 analytics, and no Google Tag Manager.

For a business like One Life Yoga, that usually means missed leads and no clear way to measure what's actually working from your marketing. Right now, competitors who have this covered are likely picking up leads and sales that could be landing with you instead.

I specialize in fixing exactly this — Google Ads, Meta Ads, tracking setup (GA4/GTM/Pixel), and reporting so you can see real numbers instead of guessing.

Worth a quick 15-minute call to walk through what I found?

Best,
Israr Ahmad
Performance Marketing — Google Ads, Meta Ads & Tracking
contact@israrads.com | +92 303 5995553 | israrads.com","Hi, this is Israr — I checked onelifeyoga.com and noticed no Google Ads conversion tracking, no Meta Pixel, no GA4 analytics, and no Google Tag Manager. That usually means missed leads and no way to measure what's working. Worth a quick chat?","Hi [Name], I was looking at onelifeyoga.com and noticed no Google Ads conversion tracking, no Meta Pixel, no GA4 analytics, and no Google Tag Manager. I work with businesses on exactly this (ads + tracking + reporting) — happy to share what I found if useful, no pitch attached.","Hi! I checked onelifeyoga.com and noticed no Google Ads conversion tracking, no Meta Pixel, no GA4 analytics, and no Google Tag Manager. I help local businesses fix exactly this — happy to share a couple of quick pointers if that's useful.",Ready for Outreach,,0,,,node/4882463848,Yes
2026-09-27,Planet Fitness,gym,US,Los Angeles,https://www.planetfitness.com/gyms/los-angeles-dtla-ca-1225,+1-213-699-0030,,Unknown,Unknown,Unknown,Unknown,Yes,Unknown,site could not be automatically checked — verify tracking manually,A quick observation about planetfitness.com,"Hi [Name],

I ran a quick technical check on planetfitness.com and noticed site could not be automatically checked — verify tracking manually.

For a business like Planet Fitness, that usually means missed leads and no clear way to measure what's actually working from your marketing. Right now, competitors who have this covered are likely picking up leads and sales that could be landing with you instead.

I specialize in fixing exactly this — Google Ads, Meta Ads, tracking setup (GA4/GTM/Pixel), and reporting so you can see real numbers instead of guessing.

Worth a quick 15-minute call to walk through what I found?

Best,
Israr Ahmad
Performance Marketing — Google Ads, Meta Ads & Tracking
contact@israrads.com | +92 303 5995553 | israrads.com","Hi, this is Israr — I checked planetfitness.com and noticed site could not be automatically checked — verify tracking manually. That usually means missed leads and no way to measure what's working. Worth a quick chat?","Hi [Name], I was looking at planetfitness.com and noticed site could not be automatically checked — verify tracking manually. I work with businesses on exactly this (ads + tracking + reporting) — happy to share what I found if useful, no pitch attached.",Hi! I checked planetfitness.com and noticed site could not be automatically checked — verify tracking manually. I help local businesses fix exactly this — happy to share a couple of quick pointers if that's useful.,Ready for Outreach,,0,,,node/4995551548,Yes
2026-09-27,Muscle Under Fitness,gym,US,Los Angeles,http://muscleunder.com,+1-310-859-1399,,Unknown,Unknown,Unknown,Unknown,No,Unknown,site could not be automatically checked — verify tracking manually,A quick observation about muscleunder.com,"Hi [Name],

I ran a quick technical check on muscleunder.com and noticed site could not be automatically checked — verify tracking manually.

For a business like Muscle Under Fitness, that usually means missed leads and no clear way to measure what's actually working from your marketing. Right now, competitors who have this covered are likely picking up leads and sales that could be landing with you instead.

I specialize in fixing exactly this — Google Ads, Meta Ads, tracking setup (GA4/GTM/Pixel), and reporting so you can see real numbers instead of guessing.

Worth a quick 15-minute call to walk through what I found?

Best,
Israr Ahmad
Performance Marketing — Google Ads, Meta Ads & Tracking
contact@israrads.com | +92 303 5995553 | israrads.com","Hi, this is Israr — I checked muscleunder.com and noticed site could not be automatically checked — verify tracking manually. That usually means missed leads and no way to measure what's working. Worth a quick chat?","Hi [Name], I was looking at muscleunder.com and noticed site could not be automatically checked — verify tracking manually. I work with businesses on exactly this (ads + tracking + reporting) — happy to share what I found if useful, no pitch attached.",Hi! I checked muscleunder.com and noticed site could not be automatically checked — verify tracking manually. I help local businesses fix exactly this — happy to share a couple of quick pointers if that's useful.,Ready for Outreach,,0,,,node/5113578778,Yes
2026-09-27,Equinox,gym,US,Los Angeles,https://www.equinox.com/clubs/southern-california/los-angeles/westhollywood,+1-310-289-1900,manon.troncin@equinox.com,No,No,No,No,Yes,No,no Google Ads conversion tracking; no Meta Pixel; no GA4 analytics; no Google Tag Manager,A quick observation about equinox.com,"Hi [Name],

I ran a quick technical check on equinox.com and noticed no Google Ads conversion tracking, no Meta Pixel, no GA4 analytics, and no Google Tag Manager.

For a business like Equinox, that usually means missed leads and no clear way to measure what's actually working from your marketing. Right now, competitors who have this covered are likely picking up leads and sales that could be landing with you instead.

I specialize in fixing exactly this — Google Ads, Meta Ads, tracking setup (GA4/GTM/Pixel), and reporting so you can see real numbers instead of guessing.

Worth a quick 15-minute call to walk through what I found?

Best,
Israr Ahmad
Performance Marketing — Google Ads, Meta Ads & Tracking
contact@israrads.com | +92 303 5995553 | israrads.com","Hi, this is Israr — I checked equinox.com and noticed no Google Ads conversion tracking, no Meta Pixel, no GA4 analytics, and no Google Tag Manager. That usually means missed leads and no way to measure what's working. Worth a quick chat?","Hi [Name], I was looking at equinox.com and noticed no Google Ads conversion tracking, no Meta Pixel, no GA4 analytics, and no Google Tag Manager. I work with businesses on exactly this (ads + tracking + reporting) — happy to share what I found if useful, no pitch attached.","Hi! I checked equinox.com and noticed no Google Ads conversion tracking, no Meta Pixel, no GA4 analytics, and no Google Tag Manager. I help local businesses fix exactly this — happy to share a couple of quick pointers if that's useful.",Ready for Outreach,,0,,,node/5133454795,Yes
2026-09-27,SoulCycle,gym,US,Los Angeles,https://www.soul-cycle.com/studios/weho/14/,+1-310-657-7685,yoursoulmatters@soul-cycle.com,Yes,Yes,No,Yes,Yes,No,no GA4 analytics,A quick observation about soul-cycle.com,"Hi [Name],

I ran a quick technical check on soul-cycle.com and noticed no GA4 analytics.

For a business like SoulCycle, that usually means missed leads and no clear way to measure what's actually working from your marketing. Right now, competitors who have this covered are likely picking up leads and sales that could be landing with you instead.

I specialize in fixing exactly this — Google Ads, Meta Ads, tracking setup (GA4/GTM/Pixel), and reporting so you can see real numbers instead of guessing.

Worth a quick 15-minute call to walk through what I found?

Best,
Israr Ahmad
Performance Marketing — Google Ads, Meta Ads & Tracking
contact@israrads.com | +92 303 5995553 | israrads.com","Hi, this is Israr — I checked soul-cycle.com and noticed no GA4 analytics. That usually means missed leads and no way to measure what's working. Worth a quick chat?","Hi [Name], I was looking at soul-cycle.com and noticed no GA4 analytics. I work with businesses on exactly this (ads + tracking + reporting) — happy to share what I found if useful, no pitch attached.",Hi! I checked soul-cycle.com and noticed no GA4 analytics. I help local businesses fix exactly this — happy to share a couple of quick pointers if that's useful.,Ready for Outreach,,0,,,node/5145895685,Yes
2026-09-27,Leo Zen,gym,US,Los Angeles,https://leozen.com/,+1-310-717-5528,,No,No,No,No,Yes,Unknown,no Google Ads conversion tracking; no Meta Pixel; no GA4 analytics; no Google Tag Manager,A quick observation about leozen.com,"Hi [Name],

I ran a quick technical check on leozen.com and noticed no Google Ads conversion tracking, no Meta Pixel, no GA4 analytics, and no Google Tag Manager.

For a business like Leo Zen, that usually means missed leads and no clear way to measure what's actually working from your marketing. Right now, competitors who have this covered are likely picking up leads and sales that could be landing with you instead.

I specialize in fixing exactly this — Google Ads, Meta Ads, tracking setup (GA4/GTM/Pixel), and reporting so you can see real numbers instead of guessing.

Worth a quick 15-minute call to walk through what I found?

Best,
Israr Ahmad
Performance Marketing — Google Ads, Meta Ads & Tracking
contact@israrads.com | +92 303 5995553 | israrads.com","Hi, this is Israr — I checked leozen.com and noticed no Google Ads conversion tracking, no Meta Pixel, no GA4 analytics, and no Google Tag Manager. That usually means missed leads and no way to measure what's working. Worth a quick chat?","Hi [Name], I was looking at leozen.com and noticed no Google Ads conversion tracking, no Meta Pixel, no GA4 analytics, and no Google Tag Manager. I work with businesses on exactly this (ads + tracking + reporting) — happy to share what I found if useful, no pitch attached.","Hi! I checked leozen.com and noticed no Google Ads conversion tracking, no Meta Pixel, no GA4 analytics, and no Google Tag Manager. I help local businesses fix exactly this — happy to share a couple of quick pointers if that's useful.",Ready for Outreach,,0,,,node/5145895701,Yes
2026-09-27,Burn 60,gym,US,Los Angeles,https://burn60.com/west-hollywood/,+1-213-261-3622,,Unknown,Unknown,Unknown,Unknown,Yes,Unknown,site could not be automatically checked — verify tracking manually,A quick observation about burn60.com,"Hi [Name],

I ran a quick technical check on burn60.com and noticed site could not be automatically checked — verify tracking manually.

For a business like Burn 60, that usually means missed leads and no clear way to measure what's actually working from your marketing. Right now, competitors who have this covered are likely picking up leads and sales that could be landing with you instead.

I specialize in fixing exactly this — Google Ads, Meta Ads, tracking setup (GA4/GTM/Pixel), and reporting so you can see real numbers instead of guessing.

Worth a quick 15-minute call to walk through what I found?

Best,
Israr Ahmad
Performance Marketing — Google Ads, Meta Ads & Tracking
contact@israrads.com | +92 303 5995553 | israrads.com","Hi, this is Israr — I checked burn60.com and noticed site could not be automatically checked — verify tracking manually. That usually means missed leads and no way to measure what's working. Worth a quick chat?","Hi [Name], I was looking at burn60.com and noticed site could not be automatically checked — verify tracking manually. I work with businesses on exactly this (ads + tracking + reporting) — happy to share what I found if useful, no pitch attached.",Hi! I checked burn60.com and noticed site could not be automatically checked — verify tracking manually. I help local businesses fix exactly this — happy to share a couple of quick pointers if that's useful.,Ready for Outreach,,0,,,node/5206110789,Yes
2026-09-27,Basecamp Fitness,gym,US,Los Angeles,https://basecampfitness.co/locations/west-hollywood/,+1-424-343-0555,,Unknown,Unknown,Unknown,Unknown,Yes,Unknown,site could not be automatically checked — verify tracking manually,A quick observation about basecampfitness.co,"Hi [Name],

I ran a quick technical check on basecampfitness.co and noticed site could not be automatically checked — verify tracking manually.

For a business like Basecamp Fitness, that usually means missed leads and no clear way to measure what's actually working from your marketing. Right now, competitors who have this covered are likely picking up leads and sales that could be landing with you instead.

I specialize in fixing exactly this — Google Ads, Meta Ads, tracking setup (GA4/GTM/Pixel), and reporting so you can see real numbers instead of guessing.

Worth a quick 15-minute call to walk through what I found?

Best,
Israr Ahmad
Performance Marketing — Google Ads, Meta Ads & Tracking
contact@israrads.com | +92 303 5995553 | israrads.com","Hi, this is Israr — I checked basecampfitness.co and noticed site could not be automatically checked — verify tracking manually. That usually means missed leads and no way to measure what's working. Worth a quick chat?","Hi [Name], I was looking at basecampfitness.co and noticed site could not be automatically checked — verify tracking manually. I work with businesses on exactly this (ads + tracking + reporting) — happy to share what I found if useful, no pitch attached.",Hi! I checked basecampfitness.co and noticed site could not be automatically checked — verify tracking manually. I help local businesses fix exactly this — happy to share a couple of quick pointers if that's useful.,Ready for Outreach,,0,,,node/5246349709,Yes
